ERCC-00002	ercc
ERCC-00003	ercc
ERCC-00004	ercc
ERCC-00009	ercc
ERCC-00012	ercc
ERCC-00013	ercc
ERCC-00014	ercc
ERCC-00016	ercc
ERCC-00017	ercc
ERCC-00019	ercc
ERCC-00022	ercc
ERCC-00024	ercc
ERCC-00025	ercc
ERCC-00028	ercc
ERCC-00031	ercc
ERCC-00033	ercc
ERCC-00034	ercc
ERCC-00035	ercc
ERCC-00039	ercc
ERCC-00040	ercc
ERCC-00041	ercc
ERCC-00042	ercc
ERCC-00043	ercc
ERCC-00044	ercc
ERCC-00046	ercc
ERCC-00048	ercc
ERCC-00051	ercc
ERCC-00053	ercc
ERCC-00054	ercc
ERCC-00057	ercc
ERCC-00058	ercc
ERCC-00059	ercc
ERCC-00060	ercc
ERCC-00061	ercc
ERCC-00062	ercc
ERCC-00067	ercc
ERCC-00069	ercc
ERCC-00071	ercc
ERCC-00073	ercc
ERCC-00074	ercc
ERCC-00075	ercc
ERCC-00076	ercc
ERCC-00077	ercc
ERCC-00078	ercc
ERCC-00079	ercc
ERCC-00081	ercc
ERCC-00083	ercc
ERCC-00084	ercc
ERCC-00085	ercc
ERCC-00086	ercc
ERCC-00092	ercc
ERCC-00095	ercc
ERCC-00096	ercc
ERCC-00097	ercc
ERCC-00098	ercc
ERCC-00099	ercc
ERCC-00104	ercc
ERCC-00108	ercc
ERCC-00109	ercc
ERCC-00111	ercc
ERCC-00112	ercc
ERCC-00113	ercc
ERCC-00116	ercc
ERCC-00117	ercc
ERCC-00120	ercc
ERCC-00123	ercc
ERCC-00126	ercc
ERCC-00130	ercc
ERCC-00131	ercc
ERCC-00134	ercc
ERCC-00136	ercc
ERCC-00137	ercc
ERCC-00138	ercc
ERCC-00142	ercc
ERCC-00143	ercc
ERCC-00144	ercc
ERCC-00145	ercc
ERCC-00147	ercc
ERCC-00148	ercc
ERCC-00150	ercc
ERCC-00154	ercc
ERCC-00156	ercc
ERCC-00157	ercc
ERCC-00158	ercc
ERCC-00160	ercc
ERCC-00162	ercc
ERCC-00163	ercc
ERCC-00164	ercc
ERCC-00165	ercc
ERCC-00168	ercc
ERCC-00170	ercc
ERCC-00171	ercc
